#¿NOMBRE?,"<?xml version=""1.0"" encoding=""utf-16""?><WebTableParameter xmlns:xsd=""http://www.w3.org/2001/XMLSchema"" xmlns:xsi=""http://www.w3.org/2001/XMLSchema-instance"" xmlns=""http://stats.oecd.org/OECDStatWS/2004/03/01/""><DataTable Code=""HISTPOP"" HasMetadata=""true""><Name LocaleIsoCode=""en"">Historical population</Name><Name LocaleIsoCode=""fr"">Données historiques de la population</Name><Dimension Code=""LOCATION"" HasMetadata=""false"" CommonCode=""LOCATION"" Display=""labels""><Name LocaleIsoCode=""en"">Country</Name><Name LocaleIsoCode=""fr"">Pays</Name><Member Code=""AUS"" HasMetadata=""false"" HasOnlyUnitMetadata=""false"" HasChild=""0""><Name LocaleIsoCode=""en"">Australia</Name><Name LocaleIsoCode=""fr"">Australie</Name></Member><Member Code=""AUT"" HasMetadata=""false"" HasOnlyUnitMetadata=""false"" HasChild=""0""><Name LocaleIsoCode=""en"">Austria</Name><Name LocaleIsoCode=""fr"">Autriche</Name></Member><Member Code=""BEL"" HasMetadata=""false"" HasOnlyUnitMetadata=""false"" HasChild=""0""><Name LocaleIsoCode=""en"">Belgium</Name><Name LocaleIsoCode=""fr"">Belgique</Name></Member><Member Code=""CAN"" HasMetadata=""false"" HasOnlyUnitMetadata=""false"" HasChild=""0""><Name LocaleIsoCode=""en"">Canada</Name><Name LocaleIsoCode=""fr"">Canada</Name></Member><Member Code=""CHL"" HasMetadata=""false"" HasOnlyUnitMetadata=""false"" HasChild=""0""><Name LocaleIsoCode=""en"">Chile</Name><Name LocaleIsoCode=""fr"">Chili</Name></Member><Member Code=""COL"" HasMetadata=""false"" HasOnlyUnitMetadata=""false"" HasChild=""0""><Name LocaleIsoCode=""en"">Colombia</Name><Name LocaleIsoCode=""fr"">Colombie</Name></Member><Member Code=""CZE"" HasMetadata=""false"" HasOnlyUnitMetadata=""false"" HasChild=""0""><Name LocaleIsoCode=""en"">Czech Republic</Name><Name LocaleIsoCode=""fr"">République tchèque</Name></Member><Member Code=""DNK"" HasMetadata=""false"" HasOnlyUnitMetadata=""false"" HasChild=""0""><Name LocaleIsoCode=""en"">Denmark</Name><Name LocaleIsoCode=""fr"">Danemark</Name></Member><Member Code=""EST"" HasMetadata=""false"" HasOnlyUnitMetadata=""false"" HasChild=""0""><Name LocaleIsoCode=""en"">Estonia</Name><Name LocaleIsoCode=""fr"">Estonie</Name></Member><Member Code=""FIN"" HasMetadata=""false"" HasOnlyUnitMetadata=""false"" HasChild=""0""><Name LocaleIsoCode=""en"">Finland</Name><Name LocaleIsoCode=""fr"">Finlande</Name></Member><Member Code=""FRA"" HasMetadata=""false"" HasOnlyUnitMetadata=""false"" HasChild=""0""><Name LocaleIsoCode=""en"">France</Name><Name LocaleIsoCode=""fr"">France</Name></Member><Member Code=""DEU"" HasMetadata=""true"" HasOnlyUnitMetadata=""false"" HasChild=""0""><Name LocaleIsoCode=""en"">Germany</Name><Name LocaleIsoCode=""fr"">Allemagne</Name></Member><Member Code=""GRC"" HasMetadata=""false"" HasOnlyUnitMetadata=""false"" HasChild=""0""><Name LocaleIsoCode=""en"">Greece</Name><Name LocaleIsoCode=""fr"">Grèce</Name></Member><Member Code=""HUN"" HasMetadata=""false"" HasOnlyUnitMetadata=""false"" HasChild=""0""><Name LocaleIsoCode=""en"">Hungary</Name><Name LocaleIsoCode=""fr"">Hongrie</Name></Member><Member Code=""ISL"" HasMetadata=""false"" HasOnlyUnitMetadata=""false"" HasChild=""0""><Name LocaleIsoCode=""en"">Iceland</Name><Name LocaleIsoCode=""fr"">Islande</Name></Member><Member Code=""IRL"" HasMetadata=""false"" HasOnlyUnitMetadata=""false"" HasChild=""0""><Name LocaleIsoCode=""en"">Ireland</Name><Name LocaleIsoCode=""fr"">Irlande</Name></Member><Member Code=""ISR"" HasMetadata=""true"" HasOnlyUnitMetadata=""false"" HasChild=""0""><Name LocaleIsoCode=""en"">Israel</Name><Name LocaleIsoCode=""fr"">Israël</Name></Member><Member Code=""ITA"" HasMetadata=""false"" HasOnlyUnitMetadata=""false"" HasChild=""0""><Name LocaleIsoCode=""en"">Italy</Name><Name LocaleIsoCode=""fr"">Italie</Name></Member><Member Code=""JPN"" HasMetadata=""false"" HasOnlyUnitMetadata=""false"" HasChild=""0""><Name LocaleIsoCode=""en"">Japan</Name><Name LocaleIsoCode=""fr"">Japon</Name></Member><Member Code=""KOR"" HasMetadata=""false"" HasOnlyUnitMetadata=""false"" HasChild=""0""><Name LocaleIsoCode=""en"">Korea</Name><Name LocaleIsoCode=""fr"">Corée</Name></Member><Member Code=""LVA"" HasMetadata=""false"" HasOnlyUnitMetadata=""false"" HasChild=""0""><Name LocaleIsoCode=""en"">Latvia</Name><Name LocaleIsoCode=""fr"">Lettonie</Name></Member><Member Code=""LTU"" HasMetadata=""false"" HasOnlyUnitMetadata=""false"" HasChild=""0""><Name LocaleIsoCode=""en"">Lithuania</Name><Name LocaleIsoCode=""fr"">Lituanie</Name></Member><Member Code=""LUX"" HasMetadata=""false"" HasOnlyUnitMetadata=""false"" HasChild=""0""><Name LocaleIsoCode=""en"">Luxembourg</Name><Name LocaleIsoCode=""fr"">Luxembourg</Name></Member><Member Code=""MEX"" HasMetadata=""false"" HasOnlyUnitMetadata=""false"" HasChild=""0""><Name LocaleIsoCode=""en"">Mexico</Name><Name LocaleIsoCode=""fr"">Mexique</Name></Member><Member Code=""NLD"" HasMetadata=""false"" HasOnlyUnitMetadata=""false"" HasChild=""0""><Name LocaleIsoCode=""en"">Netherlands</Name><Name LocaleIsoCode=""fr"">Pays-Bas</Name></Member><Member Code=""NZL"" HasMetadata=""false"" HasOnlyUnitMetadata=""false"" HasChild=""0""><Name LocaleIsoCode=""en"">New Zealand</Name><Name LocaleIsoCode=""fr"">Nouvelle-Zélande</Name></Member><Member Code=""NOR"" HasMetadata=""false"" HasOnlyUnitMetadata=""false"" HasChild=""0""><Name LocaleIsoCode=""en"">Norway</Name><Name LocaleIsoCode=""fr"">Norvège</Name></Member><Member Code=""POL"" HasMetadata=""false"" HasOnlyUnitMetadata=""false"" HasChild=""0""><Name LocaleIsoCode=""en"">Poland</Name><Name LocaleIsoCode=""fr"">Pologne</Name></Member><Member Code=""PRT"" HasMetadata=""false"" HasOnlyUnitMetadata=""false"" HasChild=""0""><Name LocaleIsoCode=""en"">Portugal</Name><Name LocaleIsoCode=""fr"">Portugal</Name></Member><Member Code=""SVK"" HasMetadata=""false"" HasOnlyUnitMetadata=""false"" HasChild=""0""><Name LocaleIsoCode=""en"">Slovak Republic</Name><Name LocaleIsoCode=""fr"">République slovaque</Name></Member><Member Code=""SVN"" HasMetadata=""false"" HasOnlyUnitMetadata=""false"" HasChild=""0""><Name LocaleIsoCode=""en"">Slovenia</Name><Name LocaleIsoCode=""fr"">Slovénie</Name></Member><Member Code=""ESP"" HasMetadata=""false"" HasOnlyUnitMetadata=""false"" HasChild=""0""><Name LocaleIsoCode=""en"">Spain</Name><Name LocaleIsoCode=""fr"">Espagne</Name></Member><Member Code=""SWE"" HasMetadata=""false"" HasOnlyUnitMetadata=""false"" HasChild=""0""><Name LocaleIsoCode=""en"">Sweden</Name><Name LocaleIsoCode=""fr"">Suède</Name></Member><Member Code=""CHE"" HasMetadata=""false"" HasOnlyUnitMetadata=""false"" HasChild=""0""><Name LocaleIsoCode=""en"">Switzerland</Name><Name LocaleIsoCode=""fr"">Suisse</Name></Member><Member Code=""TUR"" HasMetadata=""false"" HasOnlyUnitMetadata=""false"" HasChild=""0""><Name LocaleIsoCode=""en"">Turkey</Name><Name LocaleIsoCode=""fr"">Turquie</Name></Member><Member Code=""GBR"" HasMetadata=""false"" HasOnlyUnitMetadata=""false"" HasChild=""0""><Name LocaleIsoCode=""en"">United Kingdom</Name><Name LocaleIsoCode=""fr"">Royaume-Uni</Name></Member><Member Code=""USA"" HasMetadata=""false"" HasOnlyUnitMetadata=""false"" HasChild=""0""><Name LocaleIsoCode=""en"">United States</Name><Name LocaleIsoCode=""fr"">États-Unis</Name></Member><Member Code=""EU28"" HasMetadata=""false"" HasOnlyUnitMetadata=""false"" HasChild=""0""><Name LocaleIsoCode=""en"">European Union (28 countries)</Name><Name LocaleIsoCode=""fr"">Union européenne (28 pays)</Name></Member><Member Code=""G20"" HasMetadata=""false"" HasOnlyUnitMetadata=""false"" HasChild=""0""><Name LocaleIsoCode=""en"">G20</Name><Name LocaleIsoCode=""fr"">G20</Name></Member><Member Code=""OECD"" HasMetadata=""false"" HasOnlyUnitMetadata=""false"" HasChild=""0""><Name LocaleIsoCode=""en"">OECD - Total</Name><Name LocaleIsoCode=""fr"">OCDE - Total</Name></Member><Member Code=""WLD"" HasMetadata=""false"" HasOnlyUnitMetadata=""false"" HasChild=""0""><Name LocaleIsoCode=""en"">World</Name><Name LocaleIsoCode=""fr"">Monde</Name></Member><Member Code=""NMEC"" HasMetadata=""false"" HasOnlyUnitMetadata=""false"" HasChild=""1""><Name LocaleIsoCode=""en"">Non-OECD Economies</Name><Name LocaleIsoCode=""fr"">Économies non-OCDE</Name><ChildMember Code=""ARG"" HasMetadata=""false"" HasOnlyUnitMetadata=""false"" HasChild=""0""><Name LocaleIsoCode=""en"">Argentina</Name><Name LocaleIsoCode=""fr"">Argentine</Name></ChildMember><ChildMember Code=""BRA"" HasMetadata=""false"" HasOnlyUnitMetadata=""false"" HasChild=""0""><Name LocaleIsoCode=""en"">Brazil</Name><Name LocaleIsoCode=""fr"">Brésil</Name></ChildMember><ChildMember Code=""BGR"" HasMetadata=""false"" HasOnlyUnitMetadata=""false"" HasChild=""0""><Name LocaleIsoCode=""en"">Bulgaria</Name><Name LocaleIsoCode=""fr"">Bulgarie</Name></ChildMember><ChildMember Code=""CHN"" HasMetadata=""false"" HasOnlyUnitMetadata=""false"" HasChild=""0""><Name LocaleIsoCode=""en"">China (People's Republic of)</Name><Name LocaleIsoCode=""fr"">Chine (République populaire de)</Name></ChildMember><ChildMember Code=""CRI"" HasMetadata=""false"" HasOnlyUnitMetadata=""false"" HasChild=""0""><Name LocaleIsoCode=""en"">Costa Rica</Name><Name LocaleIsoCode=""fr"">Costa Rica</Name></ChildMember><ChildMember Code=""HRV"" HasMetadata=""false"" HasOnlyUnitMetadata=""false"" HasChild=""0""><Name LocaleIsoCode=""en"">Croatia</Name><Name LocaleIsoCode=""fr"">Croatie</Name></ChildMember><ChildMember Code=""CYP"" HasMetadata=""true"" HasOnlyUnitMetadata=""false"" HasChild=""0""><Name LocaleIsoCode=""en"">Cyprus</Name><Name LocaleIsoCode=""fr"">Chypre</Name></ChildMember><ChildMember Code=""IND"" HasMetadata=""false"" HasOnlyUnitMetadata=""false"" HasChild=""0""><Name LocaleIsoCode=""en"">India</Name><Name LocaleIsoCode=""fr"">Inde</Name></ChildMember><ChildMember Code=""IDN"" HasMetadata=""false"" HasOnlyUnitMetadata=""false"" HasChild=""0""><Name LocaleIsoCode=""en"">Indonesia</Name><Name LocaleIsoCode=""fr"">Indonésie</Name></ChildMember><ChildMember Code=""MLT"" HasMetadata=""false"" HasOnlyUnitMetadata=""false"" HasChild=""0""><Name LocaleIsoCode=""en"">Malta</Name><Name LocaleIsoCode=""fr"">Malte</Name></ChildMember><ChildMember Code=""ROU"" HasMetadata=""false"" HasOnlyUnitMetadata=""false"" HasChild=""0""><Name LocaleIsoCode=""en"">Romania</Name><Name LocaleIsoCode=""fr"">Roumanie</Name></ChildMember><ChildMember Code=""RUS"" HasMetadata=""false"" HasOnlyUnitMetadata=""false"" HasChild=""0""><Name LocaleIsoCode=""en"">Russia</Name><Name LocaleIsoCode=""fr"">Russie</Name></ChildMember><ChildMember Code=""SAU"" HasMetadata=""false"" HasOnlyUnitMetadata=""false"" HasChild=""0""><Name LocaleIsoCode=""en"">Saudi Arabia</Name><Name LocaleIsoCode=""fr"">Arabie saoudite</Name></ChildMember><ChildMember Code=""SGP"" HasMetadata=""false"" HasOnlyUnitMetadata=""false"" HasChild=""0""><Name LocaleIsoCode=""en"">Singapore</Name><Name LocaleIsoCode=""fr"">Singapour</Name></ChildMember><ChildMember Code=""ZAF"" HasMetadata=""false"" HasOnlyUnitMetadata=""false"" HasChild=""0""><Name LocaleIsoCode=""en"">South Africa</Name><Name LocaleIsoCode=""fr"">Afrique du Sud</Name></ChildMember></Member></Dimension><Dimension Code=""TIME"" HasMetadata=""false"" CommonCode=""TIME"" Display=""labels""><Name LocaleIsoCode=""en"">Time</Name><Name LocaleIsoCode=""fr"">Temps</Name><Member Code=""2005"" HasMetadata=""false""><Name LocaleIsoCode=""en"">2005</Name><Name LocaleIsoCode=""fr"">2005</Name></Member><Member Code=""2006"" HasMetadata=""false""><Name LocaleIsoCode=""en"">2006</Name><Name LocaleIsoCode=""fr"">2006</Name></Member><Member Code=""2007"" HasMetadata=""false""><Name LocaleIsoCode=""en"">2007</Name><Name LocaleIsoCode=""fr"">2007</Name></Member><Member Code=""2008"" HasMetadata=""false""><Name LocaleIsoCode=""en"">2008</Name><Name LocaleIsoCode=""fr"">2008</Name></Member><Member Code=""2009"" HasMetadata=""false""><Name LocaleIsoCode=""en"">2009</Name><Name LocaleIsoCode=""fr"">2009</Name></Member><Member Code=""2010"" HasMetadata=""false""><Name LocaleIsoCode=""en"">2010</Name><Name LocaleIsoCode=""fr"">2010</Name></Member><Member Code=""2011"" HasMetadata=""false""><Name LocaleIsoCode=""en"">2011</Name><Name LocaleIsoCode=""fr"">2011</Name></Member><Member Code=""2012"" HasMetadata=""false""><Name LocaleIsoCode=""en"">2012</Name><Name LocaleIsoCode=""fr"">2012</Name></Member><Member Code=""2013"" HasMetadata=""false""><Name LocaleIsoCode=""en"">2013</Name><Name LocaleIsoCode=""fr"">2013</Name></Member><Member Code=""2014"" HasMetadata=""false""><Name LocaleIsoCode=""en"">2014</Name><Name LocaleIsoCode=""fr"">2014</Name></Member><Member Code=""2015"" HasMetadata=""false""><Name LocaleIsoCode=""en"">2015</Name><Name LocaleIsoCode=""fr"">2015</Name></Member><Member Code=""2016"" HasMetadata=""false""><Name LocaleIsoCode=""en"">2016</Name><Name LocaleIsoCode=""fr"">2016</Name></Member><Member Code=""2017"" HasMetadata=""false""><Name LocaleIsoCode=""en"">2017</Name><Name LocaleIsoCode=""fr"">2017</Name></Member><Member Code=""2018"" HasMetadata=""false""><Name LocaleIsoCode=""en"">2018</Name><Name LocaleIsoCode=""fr"">2018</Name></Member></Dimension><Dimension Code=""SEX"" HasMetadata=""false"" CommonCode=""SEX"" Display=""labels""><Name LocaleIsoCode=""en"">Sex</Name><Name LocaleIsoCode=""fr"">Sexe</Name><Member Code=""W"" HasMetadata=""false"" HasOnlyUnitMetadata=""false"" HasChild=""0""><Name LocaleIsoCode=""en"">Women</Name><Name LocaleIsoCode=""fr"">Femmes</Name></Member><Member Code=""M"" HasMetadata=""false"" HasOnlyUnitMetadata=""false"" HasChild=""0""><Name LocaleIsoCode=""en"">Men</Name><Name LocaleIsoCode=""fr"">Hommes</Name></Member><Member Code=""T"" HasMetadata=""false"" HasOnlyUnitMetadata=""false"" HasChild=""0"" IsDisplayed=""true""><Name LocaleIsoCode=""en"">Total</Name><Name LocaleIsoCode=""fr"">Total</Name></Member></Dimension><Dimension Code=""AGE"" HasMetadata=""false"" Display=""labels""><Name LocaleIsoCode=""en"">Age</Name><Name LocaleIsoCode=""fr"">Âge</Name><Member Code=""TOTAL"" HasMetadata=""false"" HasOnlyUnitMetadata=""false"" HasChild=""0""><Name LocaleIsoCode=""en"">Total</Name><Name LocaleIsoCode=""fr"">Total</Name></Member><Member Code=""0_4"" HasMetadata=""false"" HasOnlyUnitMetadata=""false"" HasChild=""0""><Name LocaleIsoCode=""en"">0 to 4</Name><Name LocaleIsoCode=""fr"">0 à 4 ans</Name></Member><Member Code=""05_9"" HasMetadata=""false"" HasOnlyUnitMetadata=""false"" HasChild=""0""><Name LocaleIsoCode=""en"">5 to 9</Name><Name LocaleIsoCode=""fr"">5 à 9 ans</Name></Member><Member Code=""10_14"" HasMetadata=""false"" HasOnlyUnitMetadata=""false"" HasChild=""0""><Name LocaleIsoCode=""en"">10 to 14</Name><Name LocaleIsoCode=""fr"">10 a 14 ans</Name></Member><Member Code=""15_19"" HasMetadata=""false"" HasOnlyUnitMetadata=""false"" HasChild=""0""><Name LocaleIsoCode=""en"">15 to 19</Name><Name LocaleIsoCode=""fr"">15 à 19 ans</Name></Member><Member Code=""20_24"" HasMetadata=""false"" HasOnlyUnitMetadata=""false"" HasChild=""0""><Name LocaleIsoCode=""en"">20 to 24</Name><Name LocaleIsoCode=""fr"">20 à 24 ans</Name></Member><Member Code=""25_29"" HasMetadata=""false"" HasOnlyUnitMetadata=""false"" HasChild=""0""><Name LocaleIsoCode=""en"">25 to 29</Name><Name LocaleIsoCode=""fr"">25 à 29 ans</Name></Member><Member Code=""30_34"" HasMetadata=""false"" HasOnlyUnitMetadata=""false"" HasChild=""0""><Name LocaleIsoCode=""en"">30 to 34</Name><Name LocaleIsoCode=""fr"">30 à 34 ans</Name></Member><Member Code=""35_39"" HasMetadata=""false"" HasOnlyUnitMetadata=""false"" HasChild=""0""><Name LocaleIsoCode=""en"">35 to 39</Name><Name LocaleIsoCode=""fr"">35 à 39 ans</Name></Member><Member Code=""40_44"" HasMetadata=""false"" HasOnlyUnitMetadata=""false"" HasChild=""0""><Name LocaleIsoCode=""en"">40 to 44</Name><Name LocaleIsoCode=""fr"">40 à 44 ans</Name></Member><Member Code=""45_49"" HasMetadata=""false"" HasOnlyUnitMetadata=""false"" HasChild=""0""><Name LocaleIsoCode=""en"">45 to 49</Name><Name LocaleIsoCode=""fr"">45 à 49 ans</Name></Member><Member Code=""50_54"" HasMetadata=""false"" HasOnlyUnitMetadata=""false"" HasChild=""0""><Name LocaleIsoCode=""en"">50 to 54</Name><Name LocaleIsoCode=""fr"">50 à 54 ans</Name></Member><Member Code=""55_59"" HasMetadata=""false"" HasOnlyUnitMetadata=""false"" HasChild=""0""><Name LocaleIsoCode=""en"">55 to 59</Name><Name LocaleIsoCode=""fr"">55 à 59 ans</Name></Member><Member Code=""60_64"" HasMetadata=""false"" HasOnlyUnitMetadata=""false"" HasChild=""0""><Name LocaleIsoCode=""en"">60 to 64</Name><Name LocaleIsoCode=""fr"">60 à 64 ans</Name></Member><Member Code=""65_69"" HasMetadata=""false"" HasOnlyUnitMetadata=""false"" HasChild=""0""><Name LocaleIsoCode=""en"">65 to 69</Name><Name LocaleIsoCode=""fr"">65 à 69 ans</Name></Member><Member Code=""70_74"" HasMetadata=""false"" HasOnlyUnitMetadata=""false"" HasChild=""0""><Name LocaleIsoCode=""en"">70 to 74</Name><Name LocaleIsoCode=""fr"">70 à 74 ans</Name></Member><Member Code=""75_79"" HasMetadata=""false"" HasOnlyUnitMetadata=""false"" HasChild=""0""><Name LocaleIsoCode=""en"">75 to 79</Name><Name LocaleIsoCode=""fr"">75 à 79 ans</Name></Member><Member Code=""80_84"" HasMetadata=""false"" HasOnlyUnitMetadata=""false"" HasChild=""0""><Name LocaleIsoCode=""en"">80 to 84</Name><Name LocaleIsoCode=""fr"">80 à 84 ans</Name></Member><Member Code=""85_OVER"" HasMetadata=""false"" HasOnlyUnitMetadata=""false"" HasChild=""0""><Name LocaleIsoCode=""en"">85 and over</Name><Name LocaleIsoCode=""fr"">85 ans et plus</Name></Member><Member Code=""50_OVER"" HasMetadata=""false"" HasOnlyUnitMetadata=""false"" HasChild=""0""><Name LocaleIsoCode=""en"">50 and over</Name><Name LocaleIsoCode=""fr"">50 ans et plus</Name></Member><Member Code=""LESS_20"" HasMetadata=""false"" HasOnlyUnitMetadata=""false"" HasChild=""0""><Name LocaleIsoCode=""en"">Under 20</Name><Name LocaleIsoCode=""fr"">Moins de 20 ans</Name></Member><Member Code=""15-64"" HasMetadata=""false"" HasOnlyUnitMetadata=""false"" HasChild=""0""><Name LocaleIsoCode=""en"">15 to 64</Name><Name LocaleIsoCode=""fr"">15 à 64 ans</Name></Member><Member Code=""20-64"" HasMetadata=""false"" HasOnlyUnitMetadata=""false"" HasChild=""0""><Name LocaleIsoCode=""en"">20 to 64</Name><Name LocaleIsoCode=""fr"">20 à 64 ans</Name></Member><Member Code=""65_OVER"" HasMetadata=""false"" HasOnlyUnitMetadata=""false"" HasChild=""0""><Name LocaleIsoCode=""en"">65 and over</Name><Name LocaleIsoCode=""fr"">65 ans et plus</Name></Member><Member Code=""65_OVER_SHARE"" HasMetadata=""false"" HasOnlyUnitMetadata=""false"" HasChild=""0""><Name LocaleIsoCode=""en"">Share of 65 and over - elderly</Name><Name LocaleIsoCode=""fr"">Part des 65 ans et plus - personnes âgées</Name></Member><Member Code=""LESS_15_SHARE"" HasMetadata=""false"" HasOnlyUnitMetadata=""false"" HasChild=""0""><Name LocaleIsoCode=""en"">Share of under 15 - children</Name><Name LocaleIsoCode=""fr"">Part des moins de 20 ans - enfants</Name></Member><Member Code=""15-24_SHARE"" HasMetadata=""false"" HasOnlyUnitMetadata=""false"" HasChild=""0""><Name LocaleIsoCode=""en"">Share of 15 to 24 - youth</Name><Name LocaleIsoCode=""fr"">Part des 15 à 24 ans - jeunes</Name></Member><Member Code=""OAD15-64"" HasMetadata=""false"" HasOnlyUnitMetadata=""false"" HasChild=""0""><Name LocaleIsoCode=""en"">Old age dependency ratio (65 and over/15-64)</Name><Name LocaleIsoCode=""fr"">Ratio de dépendance des personnes âgés (65 et plus/15-64)</Name></Member><Member Code=""TOTD20-64"" HasMetadata=""false"" HasOnlyUnitMetadata=""false"" HasChild=""0""><Name LocaleIsoCode=""en"">Total dependency ratio ((&lt;20 &amp; 65+) / 20-64)</Name><Name LocaleIsoCode=""fr"">Ratio de dépendance total  ((&lt;20 &amp; 65+) / 20-64)</Name></Member><Member Code=""15-64_SHARE"" HasMetadata=""false"" HasOnlyUnitMetadata=""false"" HasChild=""0""><Name LocaleIsoCode=""en"">Share of 15 to 64 - working age</Name><Name LocaleIsoCode=""fr"">Part des 15 à 64 ans - âge de travailler</Name></Member><Member Code=""POP_GR"" HasMetadata=""false"" HasOnlyUnitMetadata=""false"" HasChild=""0""><Name LocaleIsoCode=""en"">Annual growth rate of total population</Name><Name LocaleIsoCode=""fr"">Taux de croissance annuel de la population totale</Name></Member></Dimension><WBOSInformations><TimeDimension WebTreeWasUsed=""false""><StartCodes Annual=""2005"" /></TimeDimension></WBOSInformations><Tabulation Axis=""horizontal""><Dimension Code=""TIME"" CommonCode=""TIME"" /></Tabulation><Tabulation Axis=""vertical""><Dimension Code=""LOCATION"" CommonCode=""LOCATION"" /></Tabulation><Tabulation Axis=""page""><Dimension Code=""SEX"" CommonCode=""SEX"" /><Dimension Code=""AGE"" /></Tabulation><Formatting><Labels LocaleIsoCode=""en"" /><Power>0</Power><Decimals>-1</Decimals><SkipEmptyLines>true</SkipEmptyLines><SkipEmptyCols>false</SkipEmptyCols><SkipLineHierarchy>false</SkipLineHierarchy><SkipColHierarchy>false</SkipColHierarchy><Page>1</Page></Formatting></DataTable><Format><ShowEmptyAxes>true</ShowEmptyAxes><Page>1</Page><EnableSort>true</EnableSort><IncludeFlagColumn>false</IncludeFlagColumn><IncludeTimeSeriesId>false</IncludeTimeSeriesId><DoBarChart>false</DoBarChart><FreezePanes>true</FreezePanes><MaxBarChartLen>65</MaxBarChartLen></Format><Query><AbsoluteUri>http://stats.oecd.org//View.aspx?QueryId=&amp;QueryType=Public&amp;Lang=en</AbsoluteUri></Query></WebTableParameter>",,,,,,,,,,,,,,,
Dataset: Historical population,,,,,,,,,,,,,,,,
Sex,,,Total,,,,,,,,,,,,,
Age,,,Total,,,,,,,,,,,,,
Time,,,2005,2006,2007,2008,2009,2010,2011,2012,2013,2014,2015,2016,2017,2018
Country,,,,,,,,,,,,,,,,
Australia,,,20176844,20450966,20827622,21249199,21691653,22031750,22340024,22733465,23128129,23475686,23815995,24190907,24601860,24992860
Austria,,,8225278,8267948,8295189,8321541,8341483,8361069,8388534,8426311,8477230,8543932,8629519,8739806,8795073,8837707
Belgium,,,10478617,10547956,10625701,10709976,10796498,10895589,10993616,11067748,11125033,11179778,11238474,11295003,11349081,11403740
Canada,,,32243753,32571174,32889025,33247118,33628895,34004889,34339328,34714222,35082954,35437435,35702908,36109487,36540268,37058856
Chile,,,16183489,16347890,16517933,16697754,16881078,17063927,17254159,17443491,17611902,17787617,17971423,18167147,18419192,18751405
Colombia,,,42888592,43405956,43926929,44451147,44978832,45509584,46044601,46581823,47121089,47661787,48203405,48747708,49291609,49834240
Czech Republic,,,10234092,10266646,10322689,10429692,10491492,10517247,10496672,10509286,10510719,10524783,10542942,10565284,10589526,10626430
Denmark,,,5415978,5434567,5457415,5489022,5519441,5543819,5566856,5587085,5608784,5639719,5678348,5724456,5760694,5789957
Estonia,,,1354775,1346810,1340680,1337090,1334515,1331475,1327439,1322696,1317997,1314545,1314608,1315790,1317384,1321977
Finland,,,5246100,5266266,5288719,5313398,5338867,5363341,5388272,5413967,5438975,5461507,5479528,5495297,5508209,5515525
France,,,62958328,63393406,63781275,64133174,64458715,64773169,65087317,65402998,65735961,66276671,66512558,66685530,66829563,66941698
Germany,,,82469421,82376447,82266373,82110097,81902308,81776936,80274981,80425826,80645605,80982495,81686608,82348669,82656997,82914191
Greece,,,10987316,11020366,11048466,11077839,11107017,11121344,11104900,11045010,10965209,10892415,10820883,10775971,10754679,10725886
Hungary,,,10087064,10071374,10055778,10038186,10022647,10000020,9958824,9920364,9893083,9866466,9843025,9814026,9787969,9767600
Iceland,,,296734,303784,311567,317404,318501,318044,319011,320723,323763,327379,330818,335435,343399,352722
Ireland,,,4133839,4232929,4375842,4485070,4533395,4554763,4574888,4593697,4614669,4645440,4687787,4739597,4792490,4857015
Israel,,,6930128,7053707,7180115,7308795,7485565,7623561,7765832,7910525,8059456,8215668,8380149,8546009,8713300,8872943
Italy,,,57969482,58143980,58438309,58826733,59095367,59277414,59379446,59539725,60233944,60789144,60730585,60627494,60536713,60421797
Japan,,,127767994,127900515,128032743,128083960,128031514,128057352,127834233,127592657,127413888,127237150,127094745,126932772,126706210,126443180
Korea,,,48184561,48438292,48683638,49054708,49307835,49554112,49936638,50199853,50428893,50746659,51014947,51245707,51446201,51635256
Latvia,,,2238799,2218351,2200325,2177324,2141668,2097553,2059710,2034324,2012647,1993785,1977523,1959535,1942247,1927170
Lithuania,,,3322525,3269903,3231297,3198234,3162911,3097292,3028119,2987773,2957689,2932366,2904908,2868234,2828398,2801541
Luxembourg,,,465152,472641,479992,488647,497783,506953,518351,530952,543358,556322,569605,583459,596337,607950
Mexico,,,105669369,107155391,108744845,110405454,112095388,113748671,115367452,116935670,118453929,119936411,121347800,122715165,124041731,125327797
Netherlands,,,16319871,16346096,16381696,16445590,16530387,16615390,16693074,16754963,16804430,16865008,16939925,17030314,17131295,17231622
New Zealand,,,4133900,4184600,4223800,4259800,4302600,4350700,4384000,4408100,4442100,4509700,4595700,4693200,4793900,4885500
Norway,,,4623293,4660673,4709156,4768215,4828716,4889253,4953089,5018574,5080171,5137427,5189898,5236152,5276965,5311916
Poland,,,38161313,38132277,38115967,38115909,38153389,38516689,38525670,38533789,38502396,38483957,38454576,38426809,38422346,38413139
Portugal,,,10503330,10522288,10542964,10558177,10568247,10573100,10557560,10514844,10457295,10401062,10358076,10325452,10300300,10283822
Slovak Republic,,,5387285,5391184,5397766,5406972,5418374,5431024,5398384,5407579,5413393,5418649,5423801,5430798,5439232,5446771
Slovenia,,,2001114,2008516,2019406,2022629,2042335,2049261,2052496,2056262,2059114,2061623,2063077,2064241,2066161,2070050
Spain,,,43662613,44360521,45236004,45983169,46367550,46562483,46736257,46766403,46593236,46455123,46410149,46449874,46532869,46733038
Sweden,,,9029567,9080506,9148093,9219639,9298510,9378130,9449216,9519378,9600375,9696105,9799183,9923085,10057695,10175214
Switzerland,,,7437116,7483935,7551117,7647676,7743832,7824910,7912396,7996861,8089346,8188646,8282398,8373334,8451834,8513227
Turkey,,,68435380,69295253,70158112,71051689,72039215,73142162,74223642,75175836,76147634,77181894,78218488,79277971,80312708,81407211
United Kingdom,,,60413276,60827067,61319075,61823772,62260486,62759456,63285145,63705030,64105654,64596752,65110034,65648054,66040229,66435550
United States,,,295516599,298379912,301231207,304093966,306771529,309326085,311580009,313874218,316057727,318386421,320742673,323071342,325147121,327167434
European Union (28 countries),,,495497820,497262107,499283942,501249177,502722092,504286223,503891769,504985115,506412977,508243486,509672282,511152390,512151635,513179223
G20,,,4323960216,4363572942,4403733216,4444180921,4483806528,4519624729,4556834925,4594646713,4632240533,4669929831,4706471371,4741896267,4776332563,4809944671
OECD - Total,,,1198664295,1207224137,1216429900,1225897618,1234509706,1243038933,1249055540,1256390205,1263936688,1272145740,1279863664,1287731405,1294830176,1301969697
World,,,6542159383,6623847913,6706418593,6789771253,6873741054,6958169159,7043008586,7128176935,7213426452,7298453033,7383008820,7466964280,7550262101,7632819325
Non-OECD Economies,  Argentina,,38733406,39127239,39529440,39940234,40359828,40788453,41261490,41733271,42202935,42669500,43131966,43590368,44044811,44494502
,  Brazil,,184991143,187061610,189038268,191010274,192980905,194890682,196603732,198314934,200004188,201717541,203475683,205156587,206804741,208494900
,  Bulgaria,,7658972,7601022,7545338,7492561,7444443,7395599,7348328,7305888,7265115,7223938,7177991,7127822,7075947,7025037
,  China (People's Republic of),,1321623490,1329209094,1336800506,1344415227,1352068091,1359755102,1367480264,1375198619,1382793212,1390110388,1397028553,1403500365,1409517397,1415045928
,  Costa Rica,,4215248,4278656,4340390,4404090,4469337,4533894,4592149,4652459,4713168,4773130,4832234,4890379,4947490,5003402
,  Croatia,,4311674,4313016,4312751,4310884,4306315,4296353,4282913,4269063,4254469,4238389,4203604,4174349,4124531,4080666
,  Cyprus,,738541,750964,767128,786630,808038,829444,850882,863945,861938,852511,847662,851559,859520,869006
,  India,,1144118674,1161977719,1179681239,1197146906,1214270132,1230980691,1247236029,1263065852,1278562207,1293859294,1309053980,1324171354,1339180127,1354051854
,  Indonesia,,226712730,229838202,232989141,236159276,239340478,238518800,241990700,245425200,248818100,252164800,255461700,258705000,261890900,265015300
,  Malta,,403825,405311,406725,409375,412475,414512,416263,420027,425966,434551,445053,455355,468005,483793
,  Romania,,21319673,21193749,20882980,20537848,20367437,20246798,20147657,20060182,19988694,19916451,19822250,19706529,19588146,19471332
,  Russia,,143113885,142487259,142114903,141956413,141909248,142389969,142960911,143201721,143506995,143819657,144096881,144342400,144496738,144491104
,  Saudi Arabia,,23905654,24578301,25252569,25940770,26661492,27425676,28238020,29086357,29944476,30776722,31557144,31787580,32612641,33413660
,  Singapore,,3467814,3525894,3583082,3642659,3733876,3771721,3789251,3818205,3844751,3870739,3902690,3933559,3965796,3994283
,  South Africa,,47268914,47839908,48476016,49176550,49928233,50724112,51550684,52409724,53282289,54166787,55055626,55946872,56837474,57725606
Data extracted on 11 Dec 2020 18:05 UTC (GMT) from OECD.Stat,,,,,,,,,,,,,,,,
